Ageing Sets,Ageing Cycles,Age set start date,Age set end date,RPT start date,Days of degradation,Age set av. temperature [°C],Charge Throughput [A h],Energy Throughput [W h],C/10 Capacity [mA h],C/2 Capacity [mA h],0.1s Resistance [Ohms],Cell Capacity [mA h],PE Capacity [mA h],NE Capacity [mA h],NE_Gr Capacity [mA h],NE_Si Capacity [mA h],Electrode Offset [mA h],SoH,LAM PE,LAM NE_tot,LAM NE_Gr,LAM NE_Si,LLI,PE_lo,NE_lo,PE_hi,NE_hi,Gr_frac,RMSE of OCV-fitting [V]
0,0,,,2020-10-27,0.0,,0.0,0.0,4847.1655920048825,4764.249520056005,0.026176279993741,4847.15698036714,5626.373585134563,5249.436787022475,4452.219347760272,797.2174392622026,561.587923832156,1.0,0.0,0.0,0.0,0.0,0.0,0.1078835779226128,0.0086495734882814,0.9693900006695504,0.9320166273311165,0.8481327670745434,0.0085575005858453
1,257,2020-11-09,2020-11-24,2020-11-24,15.0,42.419827000000005,776.1131568539502,2590.4691712527388,4607.483136083639,,,4607.473131922871,5373.326567836138,4917.357641858344,4315.075133081286,602.2825087770583,589.5328844019815,0.9505516637040886,0.0449751537947996,0.0632599569510177,0.0308035619916116,0.244519149838907,0.0579704719707607,0.1181433933877096,0.0092102615675111,0.9756146588608448,0.9461917600662938,0.8775190757633308,0.0061461707614535
2,514,2020-11-27,2020-12-11,2020-12-16,32.0,42.66552,1551.1702512712754,5232.849785408498,4201.404008276032,4088.982863857293,0.0283273341684827,4201.394561019121,5388.601121792559,4712.213978725621,4424.525974589403,287.68800413621864,1011.5810048745516,0.8667750143097065,0.0422603404740528,0.1023391327665784,0.0062201277627529,0.6391348332740137,0.1418905034786609,0.1913628655802856,0.0041587982526452,0.9710447284719104,0.895755525393494,0.938948442189796,0.0055903324192159
3,771,2020-12-22,2021-01-05,2021-01-06,57.0,42.610886,2326.186642714662,7902.849382068841,4058.083808512627,,,4058.074086079155,5421.6735025939815,4565.614002961906,4340.186654280147,225.4273486817592,1167.044825389289,0.8372070684972499,0.0363822414994658,0.1302659336237933,0.0251633364686949,0.7172322912424188,0.1671406532487318,0.2178767144462491,0.0031127432470102,0.9663677632225324,0.8919469906114417,0.9506249655499752,0.0071025629539328
4,1028,2021-01-09,2021-01-23,2021-01-25,75.0,42.737823,3101.312324009553,10577.4200528093,4003.4880364709225,3874.724142703583,0.0298313896236627,4003.48081295272,5392.342919508664,4489.029792861572,4319.395650263042,169.63414259853053,1205.1292735610705,0.8259441213000456,0.0415952943907299,0.1448549673063521,0.0298331432309256,0.7872172204919136,0.1810488125120188,0.2252297725391845,0.0020910744829707,0.9676678690609662,0.8939276177197811,0.9622114019229095,0.0070698515724071
5,1285,2021-02-01,2021-02-17,2021-02-22,100.0,42.831833,3874.331406896944,13245.3208652518,3952.380736654479,,,3952.374069842956,5323.671085914708,4432.675200421372,4265.192115060345,167.48308536102763,1189.0544842445158,0.8154004679137893,0.0538006399041159,0.1555903270652349,0.0420076411540714,0.7899154269429587,0.1918999247187081,0.2252536647421958,0.0022834828364765,0.9676688151259396,0.8939287965890478,0.9622162514083804,0.0078867064921572
6,1542,2021-02-25,2021-03-11,2021-03-14,122.0,42.6249,4649.039715056428,15920.262739338292,3911.6807123899375,3733.158304900175,0.0303256607673681,3911.672936284116,5268.848479536319,4387.027976204441,4221.269614087131,165.75836211730982,1176.8097259000972,0.8070035594324475,0.0635445016560685,0.1642859692967556,0.0518729459700413,0.7920788558379838,0.2006840115981772,0.2252536647421958,0.0022834828364765,0.9676688151259396,0.8939287965890478,0.9622162514083804,0.0083939356362991
7,1799,2021-03-19,2021-04-03,2021-04-08,145.0,43.098186,5423.513782024178,18596.41095434258,3866.717262923449,,,3866.708929409044,5208.284173651585,4336.60059622875,4172.747590896763,163.8530053319873,1163.2817278886748,0.7977271924698768,0.0743088607886991,0.1738922150754183,0.0627713360538043,0.7944688647508418,0.2103879077302454,0.2252536344384407,0.002283634656871,0.9676687562880714,0.8939287939486125,0.9622162563288676,0.0089818801066775
8,2056,2021-04-12,2021-04-27,2021-04-28,169.0,42.603584000000005,6204.489305378369,21295.921209109867,3830.642973880033,3577.068135560034,0.0312898136941107,3830.6349194209056,5159.697006946692,4296.144855941535,4133.820475217673,162.3243807238612,1152.427095574394,0.7902848896655211,0.0829444705593096,0.1815988971307635,0.0715146419510467,0.7963863147874852,0.2181723749021245,0.2252534146894945,0.0022839718707209,0.9676681173868776,0.8939287017087214,0.9622162691978676,0.0097369255719918
9,2313,2021-05-04,2021-05-18,2021-05-22,190.0,41.686157,6979.17922322449,23975.345785513226,3793.409390075632,,,3793.401611209327,5231.171854832008,4034.079974334173,3870.3818763884233,163.69809794575008,1172.0287260323273,0.782603416100215,0.070240933049081,0.2315213730533676,0.1306848171495744,0.7946631748331459,0.2074705928807272,0.225139811735359,0.0014170072373944,0.9502931266098036,0.9417557301541184,0.9594212065731867,0.0095205656392063
10,2570,2021-05-25,2021-06-16,2021-06-16,219.0,42.109634,7755.217586243685,26660.88331581537,3762.070918146505,3431.172732957351,0.032230667740121,3762.062306179223,5197.631251653285,4058.157275753512,3897.8339295870696,160.32334616644266,1154.4020915688054,0.7761379137125185,0.0762022512358684,0.2269347283529565,0.1245188915618209,0.7988963383505303,0.2107537480951464,0.2238284585246982,0.002211767277275,0.9476316919654256,0.9292488559225616,0.9604935601869512,0.0094567070943068
